0,950,26,INF,53,6.5,-1
0,951,26,INF,5,0.5,-1
0,952,26,INF,48,20,-1
0,950,27,INF,310,37.5,-1
0,951,27,INF,13,1.5,-1
0,952,27,INF,147,31,-1
0,524,30,INF,INF,INF,-1
0,521,33,INF,INF,INF,-1
0,522,33,INF,INF,INF,-1
0,523,33,INF,INF,INF,-1
0,524,33,INF,INF,INF,-1
0,525,33,INF,INF,INF,-1
0,528,33,INF,INF,INF,-1
0,521,34,INF,INF,INF,-1
0,522,34,INF,INF,INF,-1
0,523,34,INF,INF,INF,-1
0,524,34,INF,INF,INF,-1
0,525,34,INF,INF,INF,-1
0,527,34,INF,INF,INF,-1
0,528,34,INF,INF,INF,-1
0,521,35,INF,INF,INF,-1
0,522,35,INF,INF,INF,-1
0,523,35,INF,INF,INF,-1
0,524,35,INF,INF,INF,-1
0,525,35,INF,INF,INF,-1
0,527,35,INF,INF,INF,-1
0,528,35,INF,INF,INF,-1
0,521,36,INF,INF,INF,-1
0,522,36,INF,INF,INF,-1
0,523,36,INF,INF,INF,-1
0,524,36,INF,INF,INF,-1
0,525,36,INF,INF,INF,-1
0,527,36,INF,INF,INF,-1
0,528,36,INF,INF,INF,-1
0,539,41,INF,INF,INF,-1
0,540,41,INF,INF,INF,-1
0,927,41,INF,INF,INF,-1
0,539,42,INF,INF,INF,-1
0,540,42,INF,INF,INF,-1
0,927,42,INF,INF,INF,-1
0,32,53,INF,INF,INF,-1
0,521,61,INF,INF,INF,-1
0,522,61,INF,INF,INF,-1
0,523,61,INF,INF,INF,-1
0,524,61,INF,INF,INF,-1
0,525,61,INF,INF,INF,-1
0,527,61,INF,INF,INF,-1
0,528,61,INF,INF,INF,-1
0,521,62,INF,INF,INF,-1
0,522,62,INF,INF,INF,-1
0,523,62,INF,INF,INF,-1
0,524,62,INF,INF,INF,-1
0,525,62,INF,INF,INF,-1
0,527,62,INF,INF,INF,-1
0,528,62,INF,INF,INF,-1
0,95,63,INF,INF,INF,-1
0,95,64,INF,INF,INF,-1
0,95,65,INF,INF,INF,-1
0,95,66,INF,INF,INF,-1
0,95,67,INF,INF,INF,-1
0,300,70,INF,INF,INF,0
0,301,70,INF,INF,INF,6
0,303,70,INF,INF,INF,9
0,304,70,INF,INF,INF,7
0,305,70,INF,INF,INF,8
0,306,70,INF,INF,INF,60
0,307,70,INF,INF,INF,40
0,308,70,INF,INF,INF,41
0,309,70,INF,INF,INF,42
0,310,70,INF,INF,INF,57
0,311,70,INF,INF,INF,12
0,314,70,INF,INF,INF,15
0,315,70,INF,INF,INF,1
0,317,70,INF,INF,INF,2
0,318,70,INF,INF,INF,3
0,319,70,INF,INF,INF,14
0,320,70,INF,INF,INF,73
0,321,70,INF,INF,INF,65
0,324,70,INF,INF,INF,64
0,325,70,INF,INF,INF,59
0,327,70,INF,INF,INF,2
0,330,70,INF,INF,INF,32
0,340,70,INF,INF,INF,31
0,356,70,INF,INF,INF,11
0,357,70,INF,INF,INF,56
0,511,70,INF,INF,INF,-1
0,306,71,INF,INF,INF,60
0,325,71,INF,INF,INF,59
0,300,72,INF,INF,INF,0
0,301,72,INF,INF,INF,6
0,303,72,INF,INF,INF,9
0,304,72,INF,INF,INF,7
0,305,72,INF,INF,INF,8
0,306,72,INF,INF,INF,60
0,307,72,INF,INF,INF,40
0,308,72,INF,INF,INF,41
0,309,72,INF,INF,INF,42
0,310,72,INF,INF,INF,57
0,311,72,INF,INF,INF,12
0,314,72,INF,INF,INF,15
0,315,72,INF,INF,INF,1
0,317,72,INF,INF,INF,2
0,318,72,INF,INF,INF,3
0,319,72,INF,INF,INF,14
0,320,72,INF,INF,INF,73
0,321,72,INF,INF,INF,65
0,324,72,INF,INF,INF,64
0,327,72,INF,INF,INF,2
0,330,72,INF,INF,INF,32
0,340,72,INF,INF,INF,31
0,356,72,INF,INF,INF,11
0,357,72,INF,INF,INF,56
0,511,72,INF,INF,INF,-1
